Publisher,Country
Emirates News Agency (WAM),AE
Australian Company News Bites - Stock Report,AU
Australian Company News Bites - Trading Floor,AU
Vietnam News Summary,VN
CE Noticias Financieras English,US
Dow Jones Institutional News,US
Targeted News Service,US
PR Newswire,US
States News Service,US
GlobeNewswire,US
Business Wire,US
Impact News Service,US
ACCESSWIRE,US
US Fed News,US
FinancialWire,US
M2 PressWIRE,UK
ENP Newswire,UK
Arab News Digest,UK
PR Newswire Europe - European Stories,UK
China Daily,CN